{
  "API GET /contacts" : {
    "transaction" : "API GET /contacts",
    "sampleCount" : 1000,
    "errorCount" : 0,
    "errorPct" : 0.0,
    "meanResTime" : 17943.51100000001,
    "medianResTime" : 17982.5,
    "minResTime" : 10934.0,
    "maxResTime" : 20136.0,
    "pct1ResTime" : 19940.5,
    "pct2ResTime" : 19958.0,
    "pct3ResTime" : 19985.0,
    "throughput" : 26.302638154606907,
    "receivedKBytesPerSec" : 28.06948704923854,
    "sentKBytesPerSec" : 10.01760632841474
  },
  "API DELETE /contacts" : {
    "transaction" : "API DELETE /contacts",
    "sampleCount" : 1000,
    "errorCount" : 0,
    "errorPct" : 0.0,
    "meanResTime" : 16521.790000000005,
    "medianResTime" : 15975.0,
    "minResTime" : 9950.0,
    "maxResTime" : 21020.0,
    "pct1ResTime" : 20046.0,
    "pct2ResTime" : 20950.95,
    "pct3ResTime" : 20994.0,
    "throughput" : 21.727322107550243,
    "receivedKBytesPerSec" : 16.06387493210212,
    "sentKBytesPerSec" : 9.845192829983704
  },
  "API PATCH /contacts" : {
    "transaction" : "API PATCH /contacts",
    "sampleCount" : 1000,
    "errorCount" : 5,
    "errorPct" : 0.5,
    "meanResTime" : 27388.94999999996,
    "medianResTime" : 29014.0,
    "minResTime" : 24006.0,
    "maxResTime" : 30254.0,
    "pct1ResTime" : 29997.0,
    "pct2ResTime" : 30020.95,
    "pct3ResTime" : 30040.98,
    "throughput" : 17.226825612844323,
    "receivedKBytesPerSec" : 17.95948721661872,
    "sentKBytesPerSec" : 8.260128296783751
  },
  "Total" : {
    "transaction" : "Total",
    "sampleCount" : 5000,
    "errorCount" : 5,
    "errorPct" : 0.1,
    "meanResTime" : 18893.975999999973,
    "medianResTime" : 18091.0,
    "minResTime" : 1366.0,
    "maxResTime" : 30254.0,
    "pct1ResTime" : 29014.0,
    "pct2ResTime" : 29957.0,
    "pct3ResTime" : 30020.989999999998,
    "throughput" : 49.29119264969735,
    "receivedKBytesPerSec" : 48.95892957705692,
    "sentKBytesPerSec" : 26.899416854383958
  },
  "API ADD /contacts" : {
    "transaction" : "API ADD /contacts",
    "sampleCount" : 1000,
    "errorCount" : 0,
    "errorPct" : 0.0,
    "meanResTime" : 14428.223,
    "medianResTime" : 14917.0,
    "minResTime" : 1366.0,
    "maxResTime" : 19884.0,
    "pct1ResTime" : 18407.9,
    "pct2ResTime" : 18507.8,
    "pct3ResTime" : 19345.99,
    "throughput" : 49.04364884747425,
    "receivedKBytesPerSec" : 52.747306430848454,
    "sentKBytesPerSec" : 33.53120019004414
  },
  "API PUT /contacts" : {
    "transaction" : "API PUT /contacts",
    "sampleCount" : 1000,
    "errorCount" : 0,
    "errorPct" : 0.0,
    "meanResTime" : 18187.40599999998,
    "medianResTime" : 18089.5,
    "minResTime" : 16039.0,
    "maxResTime" : 20093.0,
    "pct1ResTime" : 19037.0,
    "pct2ResTime" : 19047.0,
    "pct3ResTime" : 19928.0,
    "throughput" : 21.72543396554346,
    "receivedKBytesPerSec" : 22.63213137369919,
    "sentKBytesPerSec" : 15.89096683612505
  }
}