{
  "API GET /contacts" : {
    "transaction" : "API GET /contacts",
    "sampleCount" : 1000,
    "errorCount" : 0,
    "errorPct" : 0.0,
    "meanResTime" : 17023.09900000001,
    "medianResTime" : 17023.0,
    "minResTime" : 2007.0,
    "maxResTime" : 20013.0,
    "pct1ResTime" : 19983.0,
    "pct2ResTime" : 19991.0,
    "pct3ResTime" : 20007.0,
    "throughput" : 22.185246810870773,
    "receivedKBytesPerSec" : 23.68045445091514,
    "sentKBytesPerSec" : 8.449459234608984
  },
  "API DELETE /contacts" : {
    "transaction" : "API DELETE /contacts",
    "sampleCount" : 1000,
    "errorCount" : 0,
    "errorPct" : 0.0,
    "meanResTime" : 15043.121000000021,
    "medianResTime" : 14983.5,
    "minResTime" : 6008.0,
    "maxResTime" : 20052.0,
    "pct1ResTime" : 19031.0,
    "pct2ResTime" : 19839.649999999943,
    "pct3ResTime" : 20014.98,
    "throughput" : 16.120711890637093,
    "receivedKBytesPerSec" : 11.905460588889605,
    "sentKBytesPerSec" : 7.304697575444932
  },
  "API PATCH /contacts" : {
    "transaction" : "API PATCH /contacts",
    "sampleCount" : 1000,
    "errorCount" : 0,
    "errorPct" : 0.0,
    "meanResTime" : 26478.023999999976,
    "medianResTime" : 25098.0,
    "minResTime" : 21976.0,
    "maxResTime" : 30036.0,
    "pct1ResTime" : 29041.0,
    "pct2ResTime" : 29062.95,
    "pct3ResTime" : 29994.96,
    "throughput" : 12.489696000799341,
    "receivedKBytesPerSec" : 13.00045626420703,
    "sentKBytesPerSec" : 5.988711656633277
  },
  "Total" : {
    "transaction" : "Total",
    "sampleCount" : 5000,
    "errorCount" : 0,
    "errorPct" : 0.0,
    "meanResTime" : 17814.335599999973,
    "medianResTime" : 17045.5,
    "minResTime" : 1003.0,
    "maxResTime" : 30036.0,
    "pct1ResTime" : 25101.200000000004,
    "pct2ResTime" : 29004.95,
    "pct3ResTime" : 29062.989999999998,
    "throughput" : 49.37491359390121,
    "receivedKBytesPerSec" : 48.99461103677443,
    "sentKBytesPerSec" : 26.945105433956115
  },
  "API ADD /contacts" : {
    "transaction" : "API ADD /contacts",
    "sampleCount" : 1000,
    "errorCount" : 0,
    "errorPct" : 0.0,
    "meanResTime" : 12501.396999999997,
    "medianResTime" : 14359.0,
    "minResTime" : 1003.0,
    "maxResTime" : 20691.0,
    "pct1ResTime" : 18043.9,
    "pct2ResTime" : 19201.35,
    "pct3ResTime" : 20557.96,
    "throughput" : 36.7498438131638,
    "receivedKBytesPerSec" : 39.44744025853515,
    "sentKBytesPerSec" : 25.125911281283305
  },
  "API PUT /contacts" : {
    "transaction" : "API PUT /contacts",
    "sampleCount" : 1000,
    "errorCount" : 0,
    "errorPct" : 0.0,
    "meanResTime" : 18026.037,
    "medianResTime" : 17122.5,
    "minResTime" : 9972.0,
    "maxResTime" : 20122.0,
    "pct1ResTime" : 20011.0,
    "pct2ResTime" : 20025.95,
    "pct3ResTime" : 20068.0,
    "throughput" : 15.855398763278899,
    "receivedKBytesPerSec" : 16.509805573172667,
    "sentKBytesPerSec" : 11.597357103218647
  }
}